Workbook

Sheet Petunjuk
A1: Menu Belajar Udakids: PAUD, TK, Kelas 1
A2: Sumber: docs/rencana-gudang-gambar-menu-belajar.md · data: docs/blueprint/menu-belajar.csv · petunjuk lengkap: docs/blueprint/PETUNJUK-GENERATE.md
A4: CARA MEMAKAI FILE INI
A5: 1. Buka sheet "Menu Belajar". Satu baris = satu unit (Belajar → Berlatih → Tantangan → Worksheet).
A6: 2. Pakai filter di baris judul untuk memilih Jenjang, Mapel, Fase, atau Status.
A7: 3. Generate satu unit: di Claude Code (VS Code), ketik isi kolom "Perintah Claude Code", mis. /generate-unit P-BT-04.
A8: Alternatif tanpa Claude Code: salin kolom "Prompt GPT" ke ChatGPT, lalu serahkan hasilnya ke tim pengembang untuk divalidasi.
A9: 4. Setelah selesai, ubah kolom Status: Belum → Draf → Review → Terbit. Isi Tanggal, PIC, dan Catatan.
A10: 5. Sheet "Ringkasan" menghitung progres otomatis dari kolom Status.
A12: URUTAN YANG DISARANKAN
A13: • Fase G4 = PAUD, G5 = TK, G6 = Kelas 1. Kerjakan berurutan dari kode terkecil (unit awal jadi dasar unit berikutnya).
A14: • Soal "BARU 10 level" bisa digenerate sekarang. Pelajaran (Belajar) disimpan sebagai draf sampai pemutar pelajaran selesai dibangun (fase G3).
... A23: Tanpa data pribadi anak · tanpa batas waktu/nyawa/streak · tanpa kata "salah/gagal" · maks 4 pilihan · semua teks dibacakan · tidak menyalin soal/gambar pihak lain · tanpa AI di area anak · tanpa harga di area anak · semua hasil direview sebelum terbit.

Sheet Menu Belajar
A1: Kode | B1: Jenjang | C1: Mapel | D1: Unit | E1: Tujuan | F1: Rujukan | G1: Belajar (layar) | H1: Berlatih (model) | I1: Tantangan (soal) | J1: Tema kosakata | K1: Worksheet cetak | L1: Pekerjaan | M1: Fase | N1: Status | O1: Tanggal | P1: PIC | Q1: Catatan | R1: Perintah Claude Code | S1: Prompt GPT
A2: P-BT-01 | B2: PAUD | C2: Baca Tulis | D2: Dengar bunyi di sekitarku | E2: Membedakan bunyi hewan, kendaraan, dan benda | F2: CP Fondasi literasi; L&S Phase 1 | G2: bunyi, kata | H2: 1, 14 | I2: BARU 10 level | J2: hewan, kendaraan, alat musik | K2: cocokkan gambar | L2: Pelajaran baru + soal baru | M2: G4 | N2: Belum | R2: /generate-unit P-BT-01 | S2: Kamu penulis konten Udakids (aplikasi belajar anak 4–7 tahun, Indonesia). UNIT P-BT-01 · PAUD · Baca Tulis · Dengar bunyi di sekitarku Tujuan: Membedakan bunyi hewan, kendaraan, dan benda. Rujukan: CP Fondasi literasi; L&S Phase 1. Tema kosakata: hewan, kendaraan, alat musik. Model latihan: 1, 14. Layar pelajaran: bunyi, kata. ATURAN WAJIB: bahasa Indonesia sederhana (English: perintah Indonesia, kata target English British); kalimat pendek; semua teks bisa dibacakan; maksimal 4 pilihan; tanpa kata "salah/gagal"; pujian menyebut usaha; tanpa batas waktu; tanpa emoji; tidak menyalin soal/gambar dari IXL, Code.org, buku, atau lembar kerja pihak lain; konteks lokal (nama Indonesia, Rupiah); membaca bahasa Indonesia lewat suku kata; jangan menyimpan atau meminta data anak. BAGIAN A (pelajaran): JSON {"kode":"P-BT-01","judul":"...","layar":[...]} berisi 3–6 layar. Jenis layar hanya: kenalan, bunyi, kata, gabung, cerita, coba, ingat. Setiap layar: "jenis", "teks" (≤ 120 huruf), "suara" (kalimat yang dibacakan), "gambar" (daftar id kata benda dari kamus, huruf kecil, tanpa spasi), dan untuk "kata" isi "sukuKata" (mis. "a-pel"). Layar terakhir "ingat". BAGIAN B (soal): buat 10 file skill JSON (Level 1–10, mudah ke sulit, Level 10 tantangan gabungan) format Udakids: id "literasi.prek.<kode><n>.<slug>", domain "literasi", grade "prek", family "manual" (atau family lain yang sudah ada), tier "basic" untuk PAUD/TK. Setiap level minimal 24 soal unik, 3–4 pilihan, satu jawaban benar, pengecoh dari miskonsepsi umum, setiap soal punya "say" (dibacakan), "reteach", dan "source". Gunakan hanya interaksi yang sudah ada (pick-one, tap-all, order, group, match, build, number-line, number-input). BAGIAN C (gambar): daftar kata benda baru yang butuh gambar, format "id | kata Indonesia | kata Inggris | tema". Keluarkan hanya JSON untuk A dan B, lalu daftar C.
A3: P-BT-02 | B3: PAUD | C3: Baca Tulis | D3: Garis tegak dan mendatar | E3: Kontrol gerak jari sebelum menulis huruf | F3: CP Fondasi motorik | G3: kenalan, coba | H3: 10, 19 | I3: BARU 10 level | J3: benda sekitar | K3: tebalkan garis | L3: Pelajaran baru + soal baru | M3: G4 | N3: Belum | R3: /generate-unit P-BT-02 | S3: Kamu penulis konten Udakids (aplikasi belajar anak 4–7 tahun, Indonesia). UNIT P-BT-02 · PAUD · Baca Tulis · Garis tegak dan mendatar Tujuan: Kontrol gerak jari sebelum menulis huruf. Rujukan: CP Fondasi motorik. Tema kosakata: benda sekitar. Model latihan: 10, 19. Layar pelajaran: kenalan, coba. ATURAN WAJIB: bahasa Indonesia sederhana (English: perintah Indonesia, kata target English British); kalimat pendek; semua teks bisa dibacakan; maksimal 4 pilihan; tanpa kata "salah/gagal"; pujian menyebut usaha; tanpa batas waktu; tanpa emoji; tidak menyalin soal/gambar dari IXL, Code.org, buku, atau lembar kerja pihak lain; konteks lokal (nama Indonesia, Rupiah); membaca bahasa Indonesia lewat suku kata; jangan menyimpan atau meminta data anak. BAGIAN A (pelajaran): JSON {"kode":"P-BT-02","judul":"...","layar":[...]} berisi 3–6 layar. Jenis layar hanya: kenalan, bunyi, kata, gabung, cerita, coba, ingat. Setiap layar: "jenis", "teks" (≤ 120 huruf), "suara" (kalimat yang dibacakan), "gambar" (daftar id kata benda dari kamus, huruf kecil, tanpa spasi), dan untuk "kata" isi "sukuKata" (mis. "a-pel"). Layar terakhir "ingat". BAGIAN B (soal): buat 10 file skill JSON (Level 1–10, mudah ke sulit, Level 10 tantangan gabungan) format Udakids: id "literasi.prek.<kode><n>.<slug>", domain "literasi", grade "prek", family "manual" (atau family lain yang sudah ada), tier "basic" untuk PAUD/TK. Setiap level minimal 24 soal unik, 3–4 pilihan, satu jawaban benar, pengecoh dari miskonsepsi umum, setiap soal punya "say" (dibacakan), "reteach", dan "source". Gunakan hanya interaksi yang sudah ada (pick-one, tap-all, order, group, match, build, number-line, number-input). BAGIAN C (gambar): daftar kata benda baru yang butuh gambar, format "id | kata Indonesia | kata Inggris | tema". Keluarkan hanya JSON untuk A dan B, lalu daftar C.
A4: P-BT-03 | B4: PAUD | C4: Baca Tulis | D4: Garis lengkung, lingkaran, zig-zag | E4: Pola goresan dasar huruf | F4: CP Fondasi motorik | G4: kenalan, coba | H4: 10, 19 | I4: BARU 10 level | J4: alam (ombak, gunung) | K4: tebalkan garis | L4: Pelajaran baru + soal baru | M4: G4 | N4: Belum | R4: /generate-unit P-BT-03 | S4: Kamu penulis konten Udakids (aplikasi belajar anak 4–7 tahun, Indonesia). UNIT P-BT-03 · PAUD · Baca Tulis · Garis lengkung, lingkaran, zig-zag Tujuan: Pola goresan dasar huruf. Rujukan: CP Fondasi motorik. Tema kosakata: alam (ombak, gunung). Model latihan: 10, 19. Layar pelajaran: kenalan, coba. ATURAN WAJIB: bahasa Indonesia sederhana (English: perintah Indonesia, kata target English British); kalimat pendek; semua teks bisa dibacakan; maksimal 4 pilihan; tanpa kata "salah/gagal"; pujian menyebut usaha; tanpa batas waktu; tanpa emoji; tidak menyalin soal/gambar dari IXL, Code.org, buku, atau lembar kerja pihak lain; konteks lokal (nama Indonesia, Rupiah); membaca bahasa Indonesia lewat suku kata; jangan menyimpan atau meminta data anak. BAGIAN A (pelajaran): JSON {"kode":"P-BT-03","judul":"...","layar":[...]} berisi 3–6 layar. Jenis layar hanya: kenalan, bunyi, kata, gabung, cerita, coba, ingat. Setiap layar: "jenis", "teks" (≤ 120 huruf), "suara" (kalimat yang dibacakan), "gambar" (daftar id kata benda dari kamus, huruf kecil, tanpa spasi), dan untuk "kata" isi "sukuKata" (mis. "a-pel"). Layar terakhir "ingat". BAGIAN B (soal): buat 10 file skill JSON (Level 1–10, mudah ke sulit, Level 10 tantangan gabungan) format Udakids: id "literasi.prek.<kode><n>.<slug>", domain "literasi", grade "prek", family "manual" (atau family lain yang sudah ada), tier "basic" untuk PAUD/TK. Setiap level minimal 24 soal unik, 3–4 pilihan, satu jawaban benar, pengecoh dari miskonsepsi umum, setiap soal punya "say" (dibacakan), "reteach", dan "source". Gunakan hanya interaksi yang sudah ada (pick-one, tap-all, order, group, match, build, number-line, number-input). BAGIAN C (gambar): daftar kata benda baru yang butuh gambar, format "id | kata Indonesia | kata Inggris | tema". Keluarkan hanya JSON untuk A dan B, lalu daftar C.
A5: P-BT-04 | B5: PAUD | C5: Baca Tulis | D5: Huruf vokal a dan i | E5: Mengenal bentuk dan bunyi a, i | F5: CP Fondasi literasi; metode suku kata | G5: kenalan, bunyi, kata, coba | H5: 2, 8, 10 | I5: BARU 10 level | J5: buah, hewan | K5: tebalkan + cari huruf | L5: Draf (Worksheet PAUD C) | M5: G4 | N5: Belum | R5: /generate-unit P-BT-04 | S5: Kamu penulis konten Udakids (aplikasi belajar anak 4–7 tahun, Indonesia). UNIT P-BT-04 · PAUD · Baca Tulis · Huruf vokal a dan i Tujuan: Mengenal bentuk dan bunyi a, i. Rujukan: CP Fondasi literasi; metode suku kata. Tema kosakata: buah, hewan. Model latihan: 2, 8, 10. Layar pelajaran: kenalan, bunyi, kata, coba. ATURAN WAJIB: bahasa Indonesia sederhana (English: perintah Indonesia, kata target English British); kalimat pendek; semua teks bisa dibacakan; maksimal 4 pilihan; tanpa kata "salah/gagal"; pujian menyebut usaha; tanpa batas waktu; tanpa emoji; tidak menyalin soal/gambar dari IXL, Code.org, buku, atau lembar kerja pihak lain; konteks lokal (nama Indonesia, Rupiah); membaca bahasa Indonesia lewat suku kata; jangan menyimpan atau meminta data anak. BAGIAN A (pelajaran): JSON {"kode":"P-BT-04","judul":"...","layar":[...]} berisi 3–6 layar. Jenis layar hanya: kenalan, bunyi, kata, gabung, cerita, coba, ingat. Setiap layar: "jenis", "teks" (≤ 120 huruf), "suara" (kalimat yang dibacakan), "gambar" (daftar id kata benda dari kamus, huruf kecil, tanpa spasi), dan untuk "kata" isi "sukuKata" (mis. "a-pel"). Layar terakhir "ingat". BAGIAN B (soal): buat 10 file skill JSON (Level 1–10, mudah ke sulit, Level 10 tantangan gabungan) format Udakids: id "literasi.prek.<kode><n>.<slug>", domain "literasi", grade "prek", family "manual" (atau family lain yang sudah ada), tier "basic" untuk PAUD/TK. Setiap level minimal 24 soal unik, 3–4 pilihan, satu jawaban benar, pengecoh dari miskonsepsi umum, setiap soal punya "say" (dibacakan), "reteach", dan "source". Gunakan hanya interaksi yang sudah ada (pick-one, tap-all, order, group, match, build, number-line, number-input). BAGIAN C (gambar): daftar kata benda baru yang butuh gambar, format "id | kata Indonesia | kata Inggris | tema". Keluarkan hanya JSON untuk A dan B, lalu daftar C.
A6: P-BT-05 | B6: PAUD | C6: Baca Tulis | D6: Huruf vokal u, e, o | E6: Mengenal bentuk dan bunyi u, e, o | F6: CP Fondasi literasi | G6: kenalan, bunyi, kata, coba | H6: 2, 8, 10 | I6: BARU 10 level | J6: benda rumah, alam | K6: tebalkan + cari huruf | L6: Draf (Worksheet PAUD D) | M6: G4 | N6: Belum | R6: /generate-unit P-BT-05 | S6: Kamu penulis konten Udakids (aplikasi belajar anak 4–7 tahun, Indonesia). UNIT P-BT-05 · PAUD · Baca Tulis · Huruf vokal u, e, o Tujuan: Mengenal bentuk dan bunyi u, e, o. Rujukan: CP Fondasi literasi. Tema kosakata: benda rumah, alam. Model latihan: 2, 8, 10. Layar pelajaran: kenalan, bunyi, kata, coba. ATURAN WAJIB: bahasa Indonesia sederhana (English: perintah Indonesia, kata target English British); kalimat pendek; semua teks bisa dibacakan; maksimal 4 pilihan; tanpa kata "salah/gagal"; pujian menyebut usaha; tanpa batas waktu; tanpa emoji; tidak menyalin soal/gambar dari IXL, Code.org, buku, atau lembar kerja pihak lain; konteks lokal (nama Indonesia, Rupiah); membaca bahasa Indonesia lewat suku kata; jangan menyimpan atau meminta data anak. BAGIAN A (pelajaran): JSON {"kode":"P-BT-05","judul":"...","layar":[...]} berisi 3–6 layar. Jenis layar hanya: kenalan, bunyi, kata, gabung, cerita, coba, ingat. Setiap layar: "jenis", "teks" (≤ 120 huruf), "suara" (kalimat yang dibacakan), "gambar" (daftar id kata benda dari kamus, huruf kecil, tanpa spasi), dan untuk "kata" isi "sukuKata" (mis. "a-pel"). Layar terakhir "ingat". BAGIAN B (soal): buat 10 file skill JSON (Level 1–10, mudah ke sulit, Level 10 tantangan gabungan) format Udakids: id "literasi.prek.<kode><n>.<slug>", domain "literasi", grade "prek", family "manual" (atau family lain yang sudah ada), tier "basic" untuk PAUD/TK. Setiap level minimal 24 soal unik, 3–4 pilihan, satu jawaban benar, pengecoh dari miskonsepsi umum, setiap soal punya "say" (dibacakan), "reteach", dan "source". Gunakan hanya interaksi yang sudah ada (pick-one, tap-all, order, group, match, build, number-line, number-input). BAGIAN C (gambar): daftar kata benda baru yang butuh gambar, format "id | kata Indonesia | kata Inggris | tema". Keluarkan hanya JSON untuk A dan B, lalu daftar C.
A7: P-BT-06 | B7: PAUD | C7: Baca Tulis | D7: Huruf awal benda (vokal) | E7: Menghubungkan gambar dengan huruf awalnya | F7: CP Fondasi literasi | G7: kata, ingat | H7: 8, 1, 14 | I7: BARU 10 level | J7: semua tema T1 | K7: tarik garis | L7: Pelajaran baru + soal baru | M7: G4 | N7: Belum | R7: /generate-unit P-BT-06 | S7: Kamu penulis konten Udakids (aplikasi belajar anak 4–7 tahun, Indonesia). UNIT P-BT-06 · PAUD · Baca Tulis · Huruf awal benda (vokal) Tujuan: Menghubungkan gambar dengan huruf awalnya. Rujukan: CP Fondasi literasi. Tema kosakata: semua tema T1. Model latihan: 8, 1, 14. Layar pelajaran: kata, ingat. ATURAN WAJIB: bahasa Indonesia sederhana (English: perintah Indonesia, kata target English British); kalimat pendek; semua teks bisa dibacakan; maksimal 4 pilihan; tanpa kata "salah/gagal"; pujian menyebut usaha; tanpa batas waktu; tanpa emoji; tidak menyalin soal/gambar dari IXL, Code.org, buku, atau lembar kerja pihak lain; konteks lokal (nama Indonesia, Rupiah); membaca bahasa Indonesia lewat suku kata; jangan menyimpan atau meminta data anak. BAGIAN A (pelajaran): JSON {"kode":"P-BT-06","judul":"...","layar":[...]} berisi 3–6 layar. Jenis layar hanya: kenalan, bunyi, kata, gabung, cerita, coba, ingat. Setiap layar: "jenis", "teks" (≤ 120 huruf), "suara" (kalimat yang dibacakan), "gambar" (daftar id kata benda dari kamus, huruf kecil, tanpa spasi), dan untuk "kata" isi "sukuKata" (mis. "a-pel"). Layar terakhir "ingat". BAGIAN B (soal): buat 10 file skill JSON (Level 1–10, mudah ke sulit, Level 10 tantangan gabungan) format Udakids: id "literasi.prek.<kode><n>.<slug>", domain "literasi", grade "prek", family "manual" (atau family lain yang sudah ada), tier "basic" untuk PAUD/TK. Setiap level minimal 24 soal unik, 3–4 pilihan, satu jawaban benar, pengecoh dari miskonsepsi umum, setiap soal punya "say" (dibacakan), "reteach", dan "source". Gunakan hanya interaksi yang sudah ada (pick-one, tap-all, order, group, match, build, number-line, number-input). BAGIAN C (gambar): daftar kata benda baru yang butuh gambar, format "id | kata Indonesia | kata Inggris | tema". Keluarkan hanya JSON untuk A dan B, lalu daftar C.
A8: P-BT-07 | B8: PAUD | C8: Baca Tulis | D8: Tepuk suku kata | E8: Menyadari kata terdiri dari suku kata (ba-ju) | F8: Metode suku kata; L&S Phase 1 | G8: bunyi, kata | H8: 1, 3 | I8: BARU 10 level | J8: pakaian, makanan | K8: lingkari jumlah tepukan | L8: Pelajaran baru + soal baru | M8: G4 | N8: Belum | R8: /generate-unit P-BT-07 | S8: Kamu penulis konten Udakids (aplikasi belajar anak 4–7 tahun, Indonesia). UNIT P-BT-07 · PAUD · Baca Tulis · Tepuk suku kata Tujuan: Menyadari kata terdiri dari suku kata (ba-ju). Rujukan: Metode suku kata; L&S Phase 1. Tema kosakata: pakaian, makanan. Model latihan: 1, 3. Layar pelajaran: bunyi, kata. ATURAN WAJIB: bahasa Indonesia sederhana (English: perintah Indonesia, kata target English British); kalimat pendek; semua teks bisa dibacakan; maksimal 4 pilihan; tanpa kata "salah/gagal"; pujian menyebut usaha; tanpa batas waktu; tanpa emoji; tidak menyalin soal/gambar dari IXL, Code.org, buku, atau lembar kerja pihak lain; konteks lokal (nama Indonesia, Rupiah); membaca bahasa Indonesia lewat suku kata; jangan menyimpan atau meminta data anak. BAGIAN A (pelajaran): JSON {"kode":"P-BT-07","judul":"...","layar":[...]} berisi 3–6 layar. Jenis layar hanya: kenalan, bunyi, kata, gabung, cerita, coba, ingat. Setiap layar: "jenis", "teks" (≤ 120 huruf), "suara" (kalimat yang dibacakan), "gambar" (daftar id kata benda dari kamus, huruf kecil, tanpa spasi), dan untuk "kata" isi "sukuKata" (mis. "a-pel"). Layar terakhir "ingat". BAGIAN B (soal): buat 10 file skill JSON (Level 1–10, mudah ke sulit, Level 10 tantangan gabungan) format Udakids: id "literasi.prek.<kode><n>.<slug>", domain "literasi", grade "prek", family "manual" (atau family lain yang sudah ada), tier "basic" untuk PAUD/TK. Setiap level minimal 24 soal unik, 3–4 pilihan, satu jawaban benar, pengecoh dari miskonsepsi umum, setiap soal punya "say" (dibacakan), "reteach", dan "source". Gunakan hanya interaksi yang sudah ada (pick-one, tap-all, order, group, match, build, number-line, number-input). BAGIAN C (gambar): daftar kata benda baru yang butuh gambar, format "id | kata Indonesia | kata Inggris | tema". Keluarkan hanya JSON untuk A dan B, lalu daftar C.
A9: P-BT-08 | B9: PAUD | C9: Baca Tulis | D9: Bunyi akhir yang sama (rima) | E9: Mendengar kata berakhiran sama (topi-kopi) | F9: L&S Phase 1 | G9: bunyi, kata | H9: 1, 14 | I9: BARU 10 level | J9: benda sekitar | K9: cocokkan rima | L9: Pelajaran baru + soal baru | M9: G4 | N9: Belum | R9: /generate-unit P-BT-08 | S9: Kamu penulis konten Udakids (aplikasi belajar anak 4–7 tahun, Indonesia). UNIT P-BT-08 · PAUD · Baca Tulis · Bunyi akhir yang sama (rima) Tujuan: Mendengar kata berakhiran sama (topi-kopi). Rujukan: L&S Phase 1. Tema kosakata: benda sekitar. Model latihan: 1, 14. Layar pelajaran: bunyi, kata. ATURAN WAJIB: bahasa Indonesia sederhana (English: perintah Indonesia, kata target English British); kalimat pendek; semua teks bisa dibacakan; maksimal 4 pilihan; tanpa kata "salah/gagal"; pujian menyebut usaha; tanpa batas waktu; tanpa emoji; tidak menyalin soal/gambar dari IXL, Code.org, buku, atau lembar kerja pihak lain; konteks lokal (nama Indonesia, Rupiah); membaca bahasa Indonesia lewat suku kata; jangan menyimpan atau meminta data anak. BAGIAN A (pelajaran): JSON {"kode":"P-BT-08","judul":"...","layar":[...]} berisi 3–6 layar. Jenis layar hanya: kenalan, bunyi, kata, gabung, cerita, coba, ingat. Setiap layar: "jenis", "teks" (≤ 120 huruf), "suara" (kalimat yang dibacakan), "gambar" (daftar id kata benda dari kamus, huruf kecil, tanpa spasi), dan untuk "kata" isi "sukuKata" (mis. "a-pel"). Layar terakhir "ingat". BAGIAN B (soal): buat 10 file skill JSON (Level 1–10, mudah ke sulit, Level 10 tantangan gabungan) format Udakids: id "literasi.prek.<kode><n>.<slug>", domain "literasi", grade "prek", family "manual" (atau family lain yang sudah ada), tier "basic" untuk PAUD/TK. Setiap level minimal 24 soal unik, 3–4 pilihan, satu jawaban benar, pengecoh dari miskonsepsi umum, setiap soal punya "say" (dibacakan), "reteach", dan "source". Gunakan hanya interaksi yang sudah ada (pick-one, tap-all, order, group, match, build, number-line, number-input). BAGIAN C (gambar): daftar kata benda baru yang butuh gambar, format "id | kata Indonesia | kata Inggris | tema". Keluarkan hanya JSON untuk A dan B, lalu daftar C.
A10: P-BT-09 | B10: PAUD | C10: Baca Tulis | D10: Huruf bibir: b, m, p | E10: Mengenal konsonan pertama yang mudah dilafalkan | F10: Metode suku kata | G10: kenalan, bunyi, kata, coba | H10: 2, 8, 10 | I10: BARU 10 level | J10: hewan, mainan | K10: tebalkan huruf | L10: Pelajaran baru + soal baru | M10: G4 | N10: Belum | R10: /generate-unit P-BT-09 | S10: Kamu penulis konten Udakids (aplikasi belajar anak 4–7 tahun, Indonesia). UNIT P-BT-09 · PAUD · Baca Tulis · Huruf bibir: b, m, p Tujuan: Mengenal konsonan pertama yang mudah dilafalkan. Rujukan: Metode suku kata. Tema kosakata: hewan, mainan. Model latihan: 2, 8, 10. Layar pelajaran: kenalan, bunyi, kata, coba. ATURAN WAJIB: bahasa Indonesia sederhana (English: perintah Indonesia, kata target English British); kalimat pendek; semua teks bisa dibacakan; maksimal 4 pilihan; tanpa kata "salah/gagal"; pujian menyebut usaha; tanpa batas waktu; tanpa emoji; tidak menyalin soal/gambar dari IXL, Code.org, buku, atau lembar kerja pihak lain; konteks lokal (nama Indonesia, Rupiah); membaca bahasa Indonesia lewat suku kata; jangan menyimpan atau meminta data anak. BAGIAN A (pelajaran): JSON {"kode":"P-BT-09","judul":"...","layar":[...]} berisi 3–6 layar. Jenis layar hanya: kenalan, bunyi, kata, gabung, cerita, coba, ingat. Setiap layar: "jenis", "teks" (≤ 120 huruf), "suara" (kalimat yang dibacakan), "gambar" (daftar id kata benda dari kamus, huruf kecil, tanpa spasi), dan untuk "kata" isi "sukuKata" (mis. "a-pel"). Layar terakhir "ingat". BAGIAN B (soal): buat 10 file skill JSON (Level 1–10, mudah ke sulit, Level 10 tantangan gabungan) format Udakids: id "literasi.prek.<kode><n>.<slug>", domain "literasi", grade "prek", family "manual" (atau family lain yang sudah ada), tier "basic" untuk PAUD/TK. Setiap level minimal 24 soal unik, 3–4 pilihan, satu jawaban benar, pengecoh dari miskonsepsi umum, setiap soal punya "say" (dibacakan), "reteach", dan "source". Gunakan hanya interaksi yang sudah ada (pick-one, tap-all, order, group, match, build, number-line, number-input). BAGIAN C (gambar): daftar kata benda baru yang butuh gambar, format "id | kata Indonesia | kata Inggris | tema". Keluarkan hanya JSON untuk A dan B, lalu daftar C.
A11: P-BT-10 | B11: PAUD | C11: Baca Tulis | D11: Cerita bergambar | E11: Mengurutkan 3 gambar dan menceritakannya | F11: CP Fondasi literasi; NEL L&L | G11: cerita, ingat | H11: 6, 24 | I11: BARU 10 level | J11: kegiatan sehari-hari | K11: gunting & urutkan | L11: Pelajaran baru + soal baru | M11: G4 | N11: Belum | R11: /generate-unit P-BT-10 | S11: Kamu penulis konten Udakids (aplikasi belajar anak 4–7 tahun, Indonesia). UNIT P-BT-10 · PAUD · Baca Tulis · Cerita bergambar Tujuan: Mengurutkan 3 gambar dan menceritakannya. Rujukan: CP Fondasi literasi; NEL L&L. Tema kosakata: kegiatan sehari-hari. Model latihan: 6, 24. Layar pelajaran: cerita, ingat. ATURAN WAJIB: bahasa Indonesia sederhana (English: perintah Indonesia, kata target English British); kalimat pendek; semua teks bisa dibacakan; maksimal 4 pilihan; tanpa kata "salah/gagal"; pujian menyebut usaha; tanpa batas waktu; tanpa emoji; tidak menyalin soal/gambar dari IXL, Code.org, buku, atau lembar kerja pihak lain; konteks lokal (nama Indonesia, Rupiah); membaca bahasa Indonesia lewat suku kata; jangan menyimpan atau meminta data anak. BAGIAN A (pelajaran): JSON {"kode":"P-BT-10","judul":"...","layar":[...]} berisi 3–6 layar. Jenis layar hanya: kenalan, bunyi, kata, gabung, cerita, coba, ingat. Setiap layar: "jenis", "teks" (≤ 120 huruf), "suara" (kalimat yang dibacakan), "gambar" (daftar id kata benda dari kamus, huruf kecil, tanpa spasi), dan untuk "kata" isi "sukuKata" (mis. "a-pel"). Layar terakhir "ingat". BAGIAN B (soal): buat 10 file skill JSON (Level 1–10, mudah ke sulit, Level 10 tantangan gabungan) format Udakids: id "literasi.prek.<kode><n>.<slug>", domain "literasi", grade "prek", family "manual" (atau family lain yang sudah ada), tier "basic" untuk PAUD/TK. Setiap level minimal 24 soal unik, 3–4 pilihan, satu jawaban benar, pengecoh dari miskonsepsi umum, setiap soal punya "say" (dibacakan), "reteach", dan "source". Gunakan hanya interaksi yang sudah ada (pick-one, tap-all, order, group, match, build, number-line, number-input). BAGIAN C (gambar): daftar kata benda baru yang butuh gambar, format "id | kata Indonesia | kata Inggris | tema". Keluarkan hanya JSON untuk A dan B, lalu daftar C.
A12: P-BT-11 | B12: PAUD | C12: Baca Tulis | D12: 100 kata pertamaku | E12: Kosakata benda paling dekat dengan anak | F12: CDI / Biemiller | G12: kata | H12: 1, 14, 15 | I12: BARU 10 level | J12: Kamus T1 (100 kata) | K12: kartu kata | L12: Pelajaran baru + soal baru | M12: G4 | N12: Belum | R12: /generate-unit P-BT-11 | S12: Kamu penulis konten Udakids (aplikasi belajar anak 4–7 tahun, Indonesia). UNIT P-BT-11 · PAUD · Baca Tulis · 100 kata pertamaku Tujuan: Kosakata benda paling dekat dengan anak. Rujukan: CDI / Biemiller. Tema kosakata: Kamus T1 (100 kata). Model latihan: 1, 14, 15. Layar pelajaran: kata. ATURAN WAJIB: bahasa Indonesia sederhana (English: perintah Indonesia, kata target English British); kalimat pendek; semua teks bisa dibacakan; maksimal 4 pilihan; tanpa kata "salah/gagal"; pujian menyebut usaha; tanpa batas waktu; tanpa emoji; tidak menyalin soal/gambar dari IXL, Code.org, buku, atau lembar kerja pihak lain; konteks lokal (nama Indonesia, Rupiah); membaca bahasa Indonesia lewat suku kata; jangan menyimpan atau meminta data anak. BAGIAN A (pelajaran): JSON {"kode":"P-BT-11","judul":"...","layar":[...]} berisi 3–6 layar. Jenis layar hanya: kenalan, bunyi, kata, gabung, cerita, coba, ingat. Setiap layar: "jenis", "teks" (≤ 120 huruf), "suara" (kalimat yang dibacakan), "gambar" (daftar id kata benda dari kamus, huruf kecil, tanpa spasi), dan untuk "kata" isi "sukuKata" (mis. "a-pel"). Layar terakhir "ingat". BAGIAN B (soal): buat 10 file skill JSON (Level 1–10, mudah ke sulit, Level 10 tantangan gabungan) format Udakids: id "literasi.prek.<kode><n>.<slug>", domain "literasi", grade "prek", family "manual" (atau family lain yang sudah ada), tier "basic" untuk PAUD/TK. Setiap level minimal 24 soal unik, 3–4 pilihan, satu jawaban benar, pengecoh dari miskonsepsi umum, setiap soal punya "say" (dibacakan), "reteach", dan "source". Gunakan hanya interaksi yang sudah ada (pick-one, tap-all, order, group, match, build, number-line, number-input). BAGIAN C (gambar): daftar kata benda baru yang butuh gambar, format "id | kata Indonesia | kata Inggris | tema". Keluarkan hanya JSON untuk A dan B, lalu daftar C.
A13: P-MA-01 | B13: PAUD | C13: Berhitung | D13: Bilangan 1 sampai 10 | E13: Membilang dan mengenal lambang 1–10 | F13: CP Fondasi; NEL; EYFS | G13: kenalan, kata, coba | H13: 3, 4, 8 | I13: Ada: Worksheet Pra-TK A; Math Pra-TK A, B, C, D | J13: buah, hewan, mainan | K13: hitung & tulis | L13: Draf (Worksheet PAUD A) | M13: G4 | N13: Belum | R13: /generate-unit P-MA-01 | S13: Kamu penulis konten Udakids (aplikasi belajar anak 4–7 tahun, Indonesia). UNIT P-MA-01 · PAUD · Berhitung · Bilangan 1 sampai 10 Tujuan: Membilang dan mengenal lambang 1–10. Rujukan: CP Fondasi; NEL; EYFS. Tema kosakata: buah, hewan, mainan. Model latihan: 3, 4, 8. Layar pelajaran: kenalan, kata, coba. ATURAN WAJIB: bahasa Indonesia sederhana (English: perintah Indonesia, kata target English British); kalimat pendek; semua teks bisa dibacakan; maksimal 4 pilihan; tanpa kata "salah/gagal"; pujian menyebut usaha; tanpa batas waktu; tanpa emoji; tidak menyalin soal/gambar dari IXL, Code.org, buku, atau lembar kerja pihak lain; konteks lokal (nama Indonesia, Rupiah); membaca bahasa Indonesia lewat suku kata; jangan menyimpan atau meminta data anak. BAGIAN A (pelajaran): JSON {"kode":"P-MA-01","judul":"...","layar":[...]} berisi 3–6 layar. Jenis layar hanya: kenalan, bunyi, kata, gabung, cerita, coba, ingat. Setiap layar: "jenis", "teks" (≤ 120 huruf), "suara" (kalimat yang dibacakan), "gambar" (daftar id kata benda dari kamus, huruf kecil, tanpa spasi), dan untuk "kata" isi "sukuKata" (mis. "a-pel"). Layar terakhir "ingat". BAGIAN B (soal): tidak perlu. Tantangan memakai buku yang sudah ada (Worksheet Pra-TK A; Math Pra-TK A, B, C, D). BAGIAN C (gambar): daftar kata benda baru yang butuh gambar, format "id | kata Indonesia | kata Inggris | tema". Keluarkan hanya JSON untuk A dan B, lalu daftar C.
... A157: 1-SA-16 | B157: Kelas 1 | C157: Sains | D157: Tubuhku tumbuh | E157: Bagian tubuh, gigi, dan pertumbuhan | F157: NGSS 1-LS; CP | G157: kenalan, kata, cerita | H157: 8, 6 | I157: BARU 10 level | J157: tubuh | K157: urutkan pertumbuhan | L157: Pelajaran baru + soal baru | M157: G6 | N157: Belum | R157: /generate-unit 1-SA-16 | S157: Kamu penulis konten Udakids (aplikasi belajar anak 4–7 tahun, Indonesia). UNIT 1-SA-16 · Kelas 1 · Sains · Tubuhku tumbuh Tujuan: Bagian tubuh, gigi, dan pertumbuhan. Rujukan: NGSS 1-LS; CP. Tema kosakata: tubuh. Model latihan: 8, 6. Layar pelajaran: kenalan, kata, cerita. ATURAN WAJIB: bahasa Indonesia sederhana (English: perintah Indonesia, kata target English British); kalimat pendek; semua teks bisa dibacakan; maksimal 4 pilihan; tanpa kata "salah/gagal"; pujian menyebut usaha; tanpa batas waktu; tanpa emoji; tidak menyalin soal/gambar dari IXL, Code.org, buku, atau lembar kerja pihak lain; konteks lokal (nama Indonesia, Rupiah); membaca bahasa Indonesia lewat suku kata; jangan menyimpan atau meminta data anak. BAGIAN A (pelajaran): JSON {"kode":"1-SA-16","judul":"...","layar":[...]} berisi 3–6 layar. Jenis layar hanya: kenalan, bunyi, kata, gabung, cerita, coba, ingat. Setiap layar: "jenis", "teks" (≤ 120 huruf), "suara" (kalimat yang dibacakan), "gambar" (daftar id kata benda dari kamus, huruf kecil, tanpa spasi), dan untuk "kata" isi "sukuKata" (mis. "a-pel"). Layar terakhir "ingat". BAGIAN B (soal): buat 10 file skill JSON (Level 1–10, mudah ke sulit, Level 10 tantangan gabungan) format Udakids: id "sains.sd1.<kode><n>.<slug>", domain "sains", grade "sd1", family "manual" (atau family lain yang sudah ada), tier "basic" untuk PAUD/TK. Setiap level minimal 24 soal unik, 3–4 pilihan, satu jawaban benar, pengecoh dari miskonsepsi umum, setiap soal punya "say" (dibacakan), "reteach", dan "source". Gunakan hanya interaksi yang sudah ada (pick-one, tap-all, order, group, match, build, number-line, number-input). BAGIAN C (gambar): daftar kata benda baru yang butuh gambar, format "id | kata Indonesia | kata Inggris | tema". Keluarkan hanya JSON untuk A dan B, lalu daftar C.

Sheet Ringkasan
A1: Jenjang | B1: Mapel | C1: Unit | D1: Soal baru | E1: Draf | F1: Review | G1: Terbit | H1: Progres
A2: PAUD | B2: Baca Tulis | C2: =COUNTIFS('Menu Belajar'!$B:$B,"PAUD",'Menu Belajar'!$C:$C,"Baca Tulis") | D2: =COUNTIFS('Menu Belajar'!$B:$B,"PAUD",'Menu Belajar'!$C:$C,"Baca Tulis",'Menu Belajar'!$I:$I,"BARU*") | E2: =COUNTIFS('Menu Belajar'!$B:$B,"PAUD",'Menu Belajar'!$C:$C,"Baca Tulis",'Menu Belajar'!$N:$N,"Draf") | F2: =COUNTIFS('Menu Belajar'!$B:$B,"PAUD",'Menu Belajar'!$C:$C,"Baca Tulis",'Menu Belajar'!$N:$N,"Review") | G2: =COUNTIFS('Menu Belajar'!$B:$B,"PAUD",'Menu Belajar'!$C:$C,"Baca Tulis",'Menu Belajar'!$N:$N,"Terbit") | H2: =IF(C2=0,0,G2/C2)
A3: PAUD | B3: Berhitung | C3: =COUNTIFS('Menu Belajar'!$B:$B,"PAUD",'Menu Belajar'!$C:$C,"Berhitung") | D3: =COUNTIFS('Menu Belajar'!$B:$B,"PAUD",'Menu Belajar'!$C:$C,"Berhitung",'Menu Belajar'!$I:$I,"BARU*") | E3: =COUNTIFS('Menu Belajar'!$B:$B,"PAUD",'Menu Belajar'!$C:$C,"Berhitung",'Menu Belajar'!$N:$N,"Draf") | F3: =COUNTIFS('Menu Belajar'!$B:$B,"PAUD",'Menu Belajar'!$C:$C,"Berhitung",'Menu Belajar'!$N:$N,"Review") | G3: =COUNTIFS('Menu Belajar'!$B:$B,"PAUD",'Menu Belajar'!$C:$C,"Berhitung",'Menu Belajar'!$N:$N,"Terbit") | H3: =IF(C3=0,0,G3/C3)
A4: PAUD | B4: English | C4: =COUNTIFS('Menu Belajar'!$B:$B,"PAUD",'Menu Belajar'!$C:$C,"English") | D4: =COUNTIFS('Menu Belajar'!$B:$B,"PAUD",'Menu Belajar'!$C:$C,"English",'Menu Belajar'!$I:$I,"BARU*") | E4: =COUNTIFS('Menu Belajar'!$B:$B,"PAUD",'Menu Belajar'!$C:$C,"English",'Menu Belajar'!$N:$N,"Draf") | F4: =COUNTIFS('Menu Belajar'!$B:$B,"PAUD",'Menu Belajar'!$C:$C,"English",'Menu Belajar'!$N:$N,"Review") | G4: =COUNTIFS('Menu Belajar'!$B:$B,"PAUD",'Menu Belajar'!$C:$C,"English",'Menu Belajar'!$N:$N,"Terbit") | H4: =IF(C4=0,0,G4/C4)
A5: PAUD | B5: Sains | C5: =COUNTIFS('Menu Belajar'!$B:$B,"PAUD",'Menu Belajar'!$C:$C,"Sains") | D5: =COUNTIFS('Menu Belajar'!$B:$B,"PAUD",'Menu Belajar'!$C:$C,"Sains",'Menu Belajar'!$I:$I,"BARU*") | E5: =COUNTIFS('Menu Belajar'!$B:$B,"PAUD",'Menu Belajar'!$C:$C,"Sains",'Menu Belajar'!$N:$N,"Draf") | F5: =COUNTIFS('Menu Belajar'!$B:$B,"PAUD",'Menu Belajar'!$C:$C,"Sains",'Menu Belajar'!$N:$N,"Review") | G5: =COUNTIFS('Menu Belajar'!$B:$B,"PAUD",'Menu Belajar'!$C:$C,"Sains",'Menu Belajar'!$N:$N,"Terbit") | H5: =IF(C5=0,0,G5/C5)
A6: TK | B6: Baca Tulis | C6: =COUNTIFS('Menu Belajar'!$B:$B,"TK",'Menu Belajar'!$C:$C,"Baca Tulis") | D6: =COUNTIFS('Menu Belajar'!$B:$B,"TK",'Menu Belajar'!$C:$C,"Baca Tulis",'Menu Belajar'!$I:$I,"BARU*") | E6: =COUNTIFS('Menu Belajar'!$B:$B,"TK",'Menu Belajar'!$C:$C,"Baca Tulis",'Menu Belajar'!$N:$N,"Draf") | F6: =COUNTIFS('Menu Belajar'!$B:$B,"TK",'Menu Belajar'!$C:$C,"Baca Tulis",'Menu Belajar'!$N:$N,"Review") | G6: =COUNTIFS('Menu Belajar'!$B:$B,"TK",'Menu Belajar'!$C:$C,"Baca Tulis",'Menu Belajar'!$N:$N,"Terbit") | H6: =IF(C6=0,0,G6/C6)
A7: TK | B7: Berhitung | C7: =COUNTIFS('Menu Belajar'!$B:$B,"TK",'Menu Belajar'!$C:$C,"Berhitung") | D7: =COUNTIFS('Menu Belajar'!$B:$B,"TK",'Menu Belajar'!$C:$C,"Berhitung",'Menu Belajar'!$I:$I,"BARU*") | E7: =COUNTIFS('Menu Belajar'!$B:$B,"TK",'Menu Belajar'!$C:$C,"Berhitung",'Menu Belajar'!$N:$N,"Draf") | F7: =COUNTIFS('Menu Belajar'!$B:$B,"TK",'Menu Belajar'!$C:$C,"Berhitung",'Menu Belajar'!$N:$N,"Review") | G7: =COUNTIFS('Menu Belajar'!$B:$B,"TK",'Menu Belajar'!$C:$C,"Berhitung",'Menu Belajar'!$N:$N,"Terbit") | H7: =IF(C7=0,0,G7/C7)
A8: TK | B8: English | C8: =COUNTIFS('Menu Belajar'!$B:$B,"TK",'Menu Belajar'!$C:$C,"English") | D8: =COUNTIFS('Menu Belajar'!$B:$B,"TK",'Menu Belajar'!$C:$C,"English",'Menu Belajar'!$I:$I,"BARU*") | E8: =COUNTIFS('Menu Belajar'!$B:$B,"TK",'Menu Belajar'!$C:$C,"English",'Menu Belajar'!$N:$N,"Draf") | F8: =COUNTIFS('Menu Belajar'!$B:$B,"TK",'Menu Belajar'!$C:$C,"English",'Menu Belajar'!$N:$N,"Review") | G8: =COUNTIFS('Menu Belajar'!$B:$B,"TK",'Menu Belajar'!$C:$C,"English",'Menu Belajar'!$N:$N,"Terbit") | H8: =IF(C8=0,0,G8/C8)
A9: TK | B9: Sains | C9: =COUNTIFS('Menu Belajar'!$B:$B,"TK",'Menu Belajar'!$C:$C,"Sains") | D9: =COUNTIFS('Menu Belajar'!$B:$B,"TK",'Menu Belajar'!$C:$C,"Sains",'Menu Belajar'!$I:$I,"BARU*") | E9: =COUNTIFS('Menu Belajar'!$B:$B,"TK",'Menu Belajar'!$C:$C,"Sains",'Menu Belajar'!$N:$N,"Draf") | F9: =COUNTIFS('Menu Belajar'!$B:$B,"TK",'Menu Belajar'!$C:$C,"Sains",'Menu Belajar'!$N:$N,"Review") | G9: =COUNTIFS('Menu Belajar'!$B:$B,"TK",'Menu Belajar'!$C:$C,"Sains",'Menu Belajar'!$N:$N,"Terbit") | H9: =IF(C9=0,0,G9/C9)
A10: Kelas 1 | B10: Baca Tulis | C10: =COUNTIFS('Menu Belajar'!$B:$B,"Kelas 1",'Menu Belajar'!$C:$C,"Baca Tulis") | D10: =COUNTIFS('Menu Belajar'!$B:$B,"Kelas 1",'Menu Belajar'!$C:$C,"Baca Tulis",'Menu Belajar'!$I:$I,"BARU*") | E10: =COUNTIFS('Menu Belajar'!$B:$B,"Kelas 1",'Menu Belajar'!$C:$C,"Baca Tulis",'Menu Belajar'!$N:$N,"Draf") | F10: =COUNTIFS('Menu Belajar'!$B:$B,"Kelas 1",'Menu Belajar'!$C:$C,"Baca Tulis",'Menu Belajar'!$N:$N,"Review") | G10: =COUNTIFS('Menu Belajar'!$B:$B,"Kelas 1",'Menu Belajar'!$C:$C,"Baca Tulis",'Menu Belajar'!$N:$N,"Terbit") | H10: =IF(C10=0,0,G10/C10)
A11: Kelas 1 | B11: Berhitung | C11: =COUNTIFS('Menu Belajar'!$B:$B,"Kelas 1",'Menu Belajar'!$C:$C,"Berhitung") | D11: =COUNTIFS('Menu Belajar'!$B:$B,"Kelas 1",'Menu Belajar'!$C:$C,"Berhitung",'Menu Belajar'!$I:$I,"BARU*") | E11: =COUNTIFS('Menu Belajar'!$B:$B,"Kelas 1",'Menu Belajar'!$C:$C,"Berhitung",'Menu Belajar'!$N:$N,"Draf") | F11: =COUNTIFS('Menu Belajar'!$B:$B,"Kelas 1",'Menu Belajar'!$C:$C,"Berhitung",'Menu Belajar'!$N:$N,"Review") | G11: =COUNTIFS('Menu Belajar'!$B:$B,"Kelas 1",'Menu Belajar'!$C:$C,"Berhitung",'Menu Belajar'!$N:$N,"Terbit") | H11: =IF(C11=0,0,G11/C11)
A12: Kelas 1 | B12: English | C12: =COUNTIFS('Menu Belajar'!$B:$B,"Kelas 1",'Menu Belajar'!$C:$C,"English") | D12: =COUNTIFS('Menu Belajar'!$B:$B,"Kelas 1",'Menu Belajar'!$C:$C,"English",'Menu Belajar'!$I:$I,"BARU*") | E12: =COUNTIFS('Menu Belajar'!$B:$B,"Kelas 1",'Menu Belajar'!$C:$C,"English",'Menu Belajar'!$N:$N,"Draf") | F12: =COUNTIFS('Menu Belajar'!$B:$B,"Kelas 1",'Menu Belajar'!$C:$C,"English",'Menu Belajar'!$N:$N,"Review") | G12: =COUNTIFS('Menu Belajar'!$B:$B,"Kelas 1",'Menu Belajar'!$C:$C,"English",'Menu Belajar'!$N:$N,"Terbit") | H12: =IF(C12=0,0,G12/C12)
A13: Kelas 1 | B13: Sains | C13: =COUNTIFS('Menu Belajar'!$B:$B,"Kelas 1",'Menu Belajar'!$C:$C,"Sains") | D13: =COUNTIFS('Menu Belajar'!$B:$B,"Kelas 1",'Menu Belajar'!$C:$C,"Sains",'Menu Belajar'!$I:$I,"BARU*") | E13: =COUNTIFS('Menu Belajar'!$B:$B,"Kelas 1",'Menu Belajar'!$C:$C,"Sains",'Menu Belajar'!$N:$N,"Draf") | F13: =COUNTIFS('Menu Belajar'!$B:$B,"Kelas 1",'Menu Belajar'!$C:$C,"Sains",'Menu Belajar'!$N:$N,"Review") | G13: =COUNTIFS('Menu Belajar'!$B:$B,"Kelas 1",'Menu Belajar'!$C:$C,"Sains",'Menu Belajar'!$N:$N,"Terbit") | H13: =IF(C13=0,0,G13/C13)
A14: Total | C14: =SUM(C2:C13) | D14: =SUM(D2:D13) | E14: =SUM(E2:E13) | F14: =SUM(F2:F13) | G14: =SUM(G2:G13) | H14: =IF(C14=0,0,G14/C14)

Sheet Model Soal
A1: No | B1: Model | C1: Interaksi | D1: Status di aplikasi
A2: 1 | B2: Dengar lalu pilih gambar | C2: pick-one | D2: Ada
A3: 2 | B3: Ketuk semua | C3: tap-all | D3: Ada
A4: 3 | B4: Hitung lalu pilih angka | C4: pick-one | D4: Ada
A5: 4 | B5: Susun benda / kubus | C5: build | D5: Ada
A6: 5 | B6: Garis bilangan | C6: number-line | D6: Ada
A7: 6 | B7: Urutkan | C7: order | D7: Ada
A8: 7 | B8: Kelompokkan | C8: group | D8: Ada
A9: 8 | B9: Pasangkan | C9: match | D9: Ada
A10: 9 | B10: Isian angka | C10: number-input | D10: Ada
A11: 10 | B11: Tebalkan huruf/angka | C11: trace | D11: Baru
A12: 11 | B12: Susun huruf jadi kata | C12: spell | D12: Baru
A13: 12 | B13: Gabung suku kata | C13: pick-one + animasi | D13: Baru (tampilan)
... A25: 24 | B25: Cerita mini | C25: order / pick-one | D25: Baru (tampilan)

Sheet Layar Pelajaran
A1: Jenis layar | B1: Isi | C1: Contoh
A2: kenalan | B2: Huruf/angka besar, Momo menuliskannya (animasi goresan), lalu dibacakan | C2: Kartu huruf "a"
A3: bunyi | B3: Ketuk huruf atau suku kata untuk mendengar bunyinya | C3: a, i, u, e, o
A4: kata | B4: Gambar + kata, suku kata disorot satu per satu saat dibacakan | C4: a-pel, a-yam
A5: gabung | B5: Dua suku kata bergerak lalu menyatu menjadi kata | C5: ba + ju = baju
A6: cerita | B6: Kalimat pendek, kata disorot saat dibacakan; kata bisa diketuk | C6: Ini bola. Bola itu merah.
A7: coba | B7: Mencoba tanpa nilai: tebalkan, ketuk yang dibacakan | C7: Tebalkan huruf a
A8: ingat | B8: Ringkasan satu layar, lalu tombol Ayo latihan | C8: Huruf a: apel, ayam, api

Sheet Prompt Gambar
A1: Bagian | B1: Isi
A2: Gaya Udakids v1 | B2: Ilustrasi datar ramah anak usia 4–7 tahun, garis tepi tebal gelap, warna lembut cerah, bentuk sederhana dan bulat, satu objek di tengah, latar transparan, tanpa huruf, angka, logo, atau merek, tidak menakutkan.
A3: Template satu gambar | B3: {GAYA} Objek: {kata Indonesia} ({kata Inggris}), {varian}.
A4: Template grid 2×2 (hemat 75%) | B4: {GAYA} Empat objek terpisah dalam grid 2×2 dengan jarak putih lebar, masing-masing di tengah selnya: 1) {kata1}, 2) {kata2}, 3) {kata3}, 4) {kata4}. Semua objek ukuran serupa dan tidak saling menyentuh.
A5: Contoh varian | B5: apel: merah utuh · hijau utuh · apel terpotong · apel di piring
A6: Pengaturan API | B6: model gpt-image-1-mini · quality medium (pratinjau: low) · size 1024x1024 · background transparent · output_format webp · lewat Batch API
A7: Setelah generate | B7: potong grid, ubah ke WebP 512 dan 256, review admin, catat lisensi dan prompt di Kamus Bergambar
